sonyxperia	0	sonymobile	0	fanpagelistAccount 
BabyPhat	0	BabyPhatFashions	0	fanpagelistAccount
Golfsmith	0	golfsmith	0	fanpagelistAccount
RiuHoteles	0	Riuhoteles	0	fanpagelistAccount
NeYoCompound	0	Ne-Yo	0	fanpagelistAccount
jasonderulo	0	jasonderulo	0	fanpagelistAccount
Aerosmith	0	aerosmith	0	fanpagelistAccount
TinchyStryder	0	tinchystryder	0	fanpagelistAccount
ScottyMcCreery	0	scottymccreery	0	fanpagelistAccount
guarana	0	GuaranaAntarctica	0	fanpagelistAccount
Converse	0	converse	0	fanpagelistAccount
Oreo	0	oreo	0	fanpagelistAccount
Skittles	0	skittles	0	fanpagelistAccount
Walmart	0	walmart	0	fanpagelistAccount
SUBWAY	0	subway	0	fanpagelistAccount
Target	0	target	0	fanpagelistAccount
drpepper	0	DrPepper	0	fanpagelistAccount
intel	0	Intel	0	fanpagelistAccount
LACOSTE	0	Lacoste	0	fanpagelistAccount
google	0	Google	0	fanpagelistAccount
frappuccino	0	Frappuccino	0	fanpagelistAccount
pizzahut	0	PizzaHut	0	fanpagelistAccount
Forever21	0	Forever21	0	fanpagelistAccount
theduckbrand	0	ducktape	0	fanpagelistAccount
AppStore	0	AppStore	0	fanpagelistAccount
DairyQueen	0	dairyqueen	0	fanpagelistAccount
HotTopic	0	hottopic	0	fanpagelistAccount
Esp_Interativo	0	esporteinterativo	0	fanpagelistAccount
OldNavy	0	oldnavy	0	fanpagelistAccount
Mango	0	mango.com	0	fanpagelistAccount
Fastrack	0	fastrack	0	fanpagelistAccount
harleydavidson	0	harley-davidson	0	fanpagelistAccount
MACcosmetics	0	MACcosmetics	0	fanpagelistAccount
foxracing	0	FoxRacing	0	fanpagelistAccount
TommyHilfiger	0	tommyhilfiger	0	fanpagelistAccount
DrinkAriZona	0	AriZonaIcedTea	0	fanpagelistAccount
stridegum	0	stride-gum	0	fanpagelistAccount
jcpenney	0	jcp	0	fanpagelistAccount
bing	0	Bing	0	fanpagelistAccount
Hanes	0	hanes	0	fanpagelistAccount
SouthwestAir	0	Southwest	0	fanpagelistAccount
TiffanyAndCo	0	Tiffany	0	fanpagelistAccount
Cheesecake	0	thecheesecakefactory	0	fanpagelistAccount
buildabear	0	Buildabear	0	fanpagelistAccount
ATT	0	ATT	0	fanpagelistAccount
Outback	0	outback	0	fanpagelistAccount
CarnivalCruise	0	Carnival	0	fanpagelistAccount
Walgreens	0	Walgreens	0	fanpagelistAccount
billabong1973	0	Billabong	0	fanpagelistAccount
AmazonKindle	0	kindle	0	fanpagelistAccount
ColdStone	0	coldstonecreamery	0	fanpagelistAccount
TeenVogue	0	teenvogue	0	fanpagelistAccount
JaguarUKPR	0	Jaguar	0	fanpagelistAccount
Expedia	0	expedia	0	fanpagelistAccount
Brisk	0	brisk	0	fanpagelistAccount
Lufthansa_USA	0	lufthansa	0	fanpagelistAccount
Wikipedia	0	wikipedia	0	fanpagelistAccount
PetSmart	0	PetSmart	0	fanpagelistAccount
KmartDeals	0	kmart	0	fanpagelistAccount
WholeFoods	0	wholefoods	0	fanpagelistAccount
RoyalCaribbean	0	royalcaribbean	0	fanpagelistAccount
oakley	0	Oakley	0	fanpagelistAccount
americanapparel	0	AmericanApparel	0	fanpagelistAccount
SunChips	0	SunChips	0	fanpagelistAccount
VEJA	0	Veja	0	fanpagelistAccount
Timberland	0	timberland	0	fanpagelistAccount
AustralianOpen	0	AustralianOpen	0	fanpagelistAccount
ALDO_Shoes	0	ALDO	0	fanpagelistAccount
ThisIsGMC	0	gmc	0	fanpagelistAccount
DisneyStore	0	DisneyStore	0	fanpagelistAccount
SKECHERSUSA	0	SKECHERS	0	fanpagelistAccount
Samsungtweets	0	SamsungUSA	0	fanpagelistAccount
lanebryant	0	LaneBryant	0	fanpagelistAccount
rolandgarros	0	RolandGarros	0	fanpagelistAccount
StumbleUpon	0	StumbleUpon	0	fanpagelistAccount
WheatThins	0	wheatthins	0	fanpagelistAccount
HALcruises	0	HALCruises	0	fanpagelistAccount
kodakCB	0	kodak	0	fanpagelistAccount
Buick	0	Buick	0	fanpagelistAccount
SeaWorld	0	SeaWorld	0	fanpagelistAccount
PGATOUR	0	PGATour	0	fanpagelistAccount
Orbitz	0	Orbitz	0	fanpagelistAccount
WilsonTennis	0	WilsonTennis	0	fanpagelistAccount
Ustream	0	ustream	0	fanpagelistAccount
LuckyBrand	0	luckybrand	0	fanpagelistAccount
Delta	0	delta	0	fanpagelistAccount
AOL	0	aol	0	fanpagelistAccount
VeraWangGang	0	VeraWang	0	fanpagelistAccount
UniqloUSA	0	UniqloCo	0	fanpagelistAccount
CrateandBarrel	0	crateandbarrel	0	fanpagelistAccount
WestJet	0	westjet	0	fanpagelistAccount
LionBrandYarn	0	LionBrandYarns	0	fanpagelistAccount
TalbotsOfficial	0	TALBOTS	0	fanpagelistAccount
Stussy	0	stussy	0	fanpagelistAccount
CruiseNorwegian	0	Norwegiancruiseline	0	fanpagelistAccount
ASUSUSA	0	asus.n.america	0	fanpagelistAccount
panasonic	0	Panasonic	0	fanpagelistAccount
QantasUSA	0	Qantas	0	fanpagelistAccount
SingaporeAir	0	singaporeair	0	fanpagelistAccount
VirginAtlantic	0	virginatlantic	0	fanpagelistAccount
Bergdorfs	0	bergdorfgoodman	0	fanpagelistAccount
Cheezburger	0	ICanHasCheezburger	0	fanpagelistAccount
HawaiianAir	0	HawaiianAirlines	0	fanpagelistAccount
AskDotCom	0	Askdotcom	0	fanpagelistAccount
ElizabethArden	0	elizabetharden	0	fanpagelistAccount
RitzCarlton	0	ritzcarlton	0	fanpagelistAccount
VIZIO	0	vizio	0	fanpagelistAccount
HRBlock	0	hrblock	0	fanpagelistAccount
bonappetit	0	bonappetitmag	0	fanpagelistAccount
wmag	0	wmagazine	0	fanpagelistAccount
ContainerStore	0	containerstore	0	fanpagelistAccount
dreamweaver	0	AdobeDreamweaver	0	fanpagelistAccount
Vanguard_Group	0	Vanguard	0	fanpagelistAccount
KAYAK	0	kayak	0	fanpagelistAccount
WynnLasVegas	0	wynnlasvegas	0	fanpagelistAccount
firebox	0	Firebox	0	fanpagelistAccount
Rachel_Roy	0	RachelRoy	0	fanpagelistAccount
KoreanAir_KE	0	KoreanAir	0	fanpagelistAccount
RebeccaMinkoff	0	rebeccaminkoff	0	fanpagelistAccount
addthis	0	AddThis	0	fanpagelistAccount
Intuit	0	intuit	0	fanpagelistAccount
HELMUTLANG	0	HELMUTLANG.FB	0	fanpagelistAccount
EMCcorp	0	emccorp	0	fanpagelistAccount
JohnstonMurphy	0	johnstonmurphy	0	fanpagelistAccount
CorbisImages	0	corbisimages	0	fanpagelistAccount
SPEED_ENERGY	0	thespeedenergydrink	0	fanpagelistAccount
AdobeDigitalPub	0	adobedigitalpub	0	fanpagelistAccount
Jonesmag	0	jonesmag	0	fanpagelistAccount
regentcruises	0	regentsevenseascruises	0	fanpagelistAccount
CBOE	0	CBOE	0	fanpagelistAccount
Hotwire	0	Hotwire	0	fanpagelistAccount
GreatestMatches	0	wwegreatestmatches	0	fanpagelistAccount
WWEMusic	0	WWEMusicGroup	0	fanpagelistAccount
bep	0	blackeyedpeas	0	fanpagelistAccount
taylorswift13	0	TaylorSwift	0	fanpagelistAccount
RealWizKhalifa	0	wizkhalifa	0	fanpagelistAccount
TreySongz	0	treysongz	0	fanpagelistAccount
JessieJ	0	JessieJOfficial	0	fanpagelistAccount
KISSOnline	0	KISS	0	fanpagelistAccount
gucci1017	0	guccimane	0	fanpagelistAccount
TPAIN	0	t-pain	0	fanpagelistAccount
SeanKingston	0	seankingston	0	fanpagelistAccount
RSprachrohr	0	Rammstein	0	fanpagelistAccount
inna_ro	0	Inna	0	fanpagelistAccount
ActorLeeMinHo	0	OfficialLeeMinho	0	fanpagelistAccount
KeriHilson	0	kerihilson	0	fanpagelistAccount
4PlanB	0	planbmusic	0	fanpagelistAccount
3OH3	0	3oh3music	0	fanpagelistAccount
TheTimMcGraw	0	TimMcGraw	0	fanpagelistAccount
kennychesney	0	KennyChesney	0	fanpagelistAccount
JENNIWOWW	0	JWoww	0	fanpagelistAccount
breakingbenj	0	BreakingBenjamin	0	fanpagelistAccount
PanicAtTheDisco	0	panicatthedisco	0	fanpagelistAccount
fluffyguy	0	GabrielIglesias	0	fanpagelistAccount
CodySimpson	0	codysimpsonmusic	0	fanpagelistAccount
shanedawson	0	shanedawsonfans	0	fanpagelistAccount
GoodCharlotte	0	goodcharlotte	0	fanpagelistAccount
davematthewsbnd	0	davematthewsband	0	fanpagelistAccount
Creed	0	Creed	0	fanpagelistAccount
SnowPatrolBand	0	SnowPatrol	0	fanpagelistAccount
nineinchnails	0	ninofficial	0	fanpagelistAccount
tyrabanks	0	TyraBanks	0	fanpagelistAccount
TEDchris	0	TED	0	fanpagelistAccount
RedHourBen	0	BenStiller	0	fanpagelistAccount
KELLYROWLAND	0	kellyrowland	0	fanpagelistAccount
Wale	0	waleofficial	0	fanpagelistAccount
CeeLoGreen	0	ceelogreen	0	fanpagelistAccount
JordinSparks	0	jordinsparks	0	fanpagelistAccount
TravieMcCoy	0	traviemccoy	0	fanpagelistAccount
ParisHilton	0	parishilton	0	fanpagelistAccount
cerati	0	gustavocerati	0	fanpagelistAccount
travisbarker	0	travisbarkerofficial	0	fanpagelistAccount
RyanSeacrest	0	onairwithryanseacrest	0	fanpagelistAccount
SarahMcLachlan	0	sarahmclachlan	0	fanpagelistAccount
giseleofficial	0	Gisele	0	fanpagelistAccount
IronAndWine	0	ironandwine	0	fanpagelistAccount
peeweeherman	0	PeeweeHerman	0	fanpagelistAccount
FaithHill	0	faithhill	0	fanpagelistAccount
SherylCrow	0	sherylcrow	0	fanpagelistAccount
RayLaMontagne	0	raylamontagne	0	fanpagelistAccount
polo_polo	0	fanspolopolo	0	fanpagelistAccount
Seal	0	Seal	0	fanpagelistAccount
MsLaurenLondon	0	TheRealMsLaurenLondon	0	fanpagelistAccount
wyclef	0	Wyclef	0	fanpagelistAccount
LaurenConrad	0	laurenconrad	0	fanpagelistAccount
Lauren_Alaina	0	LaurenAlaina	0	fanpagelistAccount
KTTunstall	0	kttunstall	0	fanpagelistAccount
Raheem_DeVaughn	0	RaheemDeVaughn	0	fanpagelistAccount
RickWarren	0	pastorrickwarren	0	fanpagelistAccount
gw27	0	gretchenwilson	0	fanpagelistAccount
DavidHenrie	0	davidhenrie	0	fanpagelistAccount
KevinSpacey	0	KevinSpacey	0	fanpagelistAccount
MollyBSims	0	MollySimsOfficial	0	fanpagelistAccount
leannrimes	0	leannrimesmusic	0	fanpagelistAccount
Matt_Morrison	0	OfficialMatthewMorrison	0	fanpagelistAccount
PatrickStump	0	patrickstump	0	fanpagelistAccount
KristinDavis	0	KristinDavis	0	fanpagelistAccount
GwynethPaltrow	0	GwynethPaltrowOfficial	0	fanpagelistAccount
moonfrye	0	Soleil	0	fanpagelistAccount
TamarKaprelian	0	TamarKaprelian	0	fanpagelistAccount
BillCosby	0	billcosby	0	fanpagelistAccount
ebertchicago	0	RogerEbert	0	fanpagelistAccount
ChelseaKane	0	chelseakane	0	fanpagelistAccount
peterfacinelli	0	peter.facinelli	0	fanpagelistAccount
vidaboheme	0	LaVidaBoheme	0	fanpagelistAccount
GuyKawasaki	0	guy	0	fanpagelistAccount
Stefano	0	StefanoMusic	0	fanpagelistAccount
SandyLeah	0	SandyLeahOficial	0	fanpagelistAccount
DCBROCKLESNAR	0	thebrocklesnar	0	fanpagelistAccount
YaniTseng	0	yanitseng	0	fanpagelistAccount
PGA_JohnDaly	0	JohnDaly	0	fanpagelistAccount
Avengers	0	avengers	0	fanpagelistAccount
EatPrayLove	0	EatPrayLoveMovie	0	fanpagelistAccount
TeamCoco	0	teamcoco	0	fanpagelistAccount
ABCFmiobi	0	makeitorbreakit	0	fanpagelistAccount
biggestlosernbc	0	biggestloser	0	fanpagelistAccount
OWNTV	0	ownTV	0	fanpagelistAccount
Fandango	0	fandango	0	fanpagelistAccount
YahooSports	0	yahoosports	0	fanpagelistAccount
andreapetkovic	0	petkovicandrea	0	fanpagelistAccount
jimmyfallon	0	JimmyFallon	0	fanpagelistAccount
SisterHazelBand	0	SisterHazel	0	fanpagelistAccount
kenzafourati	0	kenzafouratiofficial	0	fanpagelistAccount
MollyRingwald	0	IamMollyRingwald	0	fanpagelistAccount
luvalyssamiller	0	alyssamillerpage	0	fanpagelistAccount
JullyBlack	0	jullyblack	0	fanpagelistAccount
HilaryHRhoda	0	HilaryRhoda	0	fanpagelistAccount
joeylawrence	0	JoeyLawrenceMusic	0	fanpagelistAccount
OfficialBoBice	0	bobiceofficial	0	fanpagelistAccount
juliephenderson	0	JulieHendersonPage	0	fanpagelistAccount
Naima_Adedapo	0	NAdedapoAI10	0	fanpagelistAccount
LouisVanAmstel	0	louisvanamstel	0	fanpagelistAccount
klustout	0	KristieLuStout	0	fanpagelistAccount
RafaelNadal	0	Nadal	0	fanpagelistAccount
KingJames	0	LeBron	0	fanpagelistAccount
andresiniesta8	0	AndresIniesta	0	fanpagelistAccount
DwyaneWade	0	dwyanewade	0	fanpagelistAccount
MichaelPhelps	0	michaelphelps	0	fanpagelistAccount
3gerardpique	0	3GerardPique	0	fanpagelistAccount
10Ronaldinho	0	RonaldinhoOficial	0	fanpagelistAccount
tonyhawk	0	TonyHawk	0	fanpagelistAccount
KDTrey5	0	KevinDurant	0	fanpagelistAccount
paulpierce34	0	paulpierce	0	fanpagelistAccount
Alex10combr	0	AlexDeSouza	0	fanpagelistAccount
LewisHamilton	0	LewisHamilton	0	fanpagelistAccount
Venuseswilliams	0	VenusWilliams	0	fanpagelistAccount
serenawilliams	0	SerenaWilliams	0	fanpagelistAccount
landondonovan	0	LukasPodolski	0	fanpagelistAccount
terrellowens	0	TerrellOwens	0	fanpagelistAccount
chiellini	0	GiorgioChielliniOfficial	0	fanpagelistAccount
MistyMayTreanor	0	mistymay	0	fanpagelistAccount
JimmieJohnson	0	JimmieJohnson	0	fanpagelistAccount
mikethemiz	0	TheMizWWE	0	fanpagelistAccount
LarryFitzgerald	0	Fitzgerald	0	fanpagelistAccount
lindseyvonn	0	LindseyVonnUSA	0	fanpagelistAccount
BretHart	0	hitmanbrethart	0	fanpagelistAccount
ApoloOhno	0	ApoloOhnoFans	0	fanpagelistAccount
AbbyWambach	0	abbywambach	0	fanpagelistAccount
NickSwisher	0	nickswisher	0	fanpagelistAccount
kaseykahne	0	KaseyKahne	0	fanpagelistAccount
JaValeMcGee34	0	javalemcgee	0	fanpagelistAccount
vika7	0	VictoriaAzarenka	0	fanpagelistAccount
mPinoe	0	mPinoe	0	fanpagelistAccount
TheSergioGarcia	0	sergio.garcia	0	fanpagelistAccount
BrianLVickers	0	BrianVickers	0	fanpagelistAccount
HunterMahan	0	huntermahan	0	fanpagelistAccount
SChecoPerez	0	sergioperezf1	0	fanpagelistAccount
MichaelCole	0	WWEMichaelCole	0	fanpagelistAccount
themichellewie	0	MichelleWie	0	fanpagelistAccount
Bryanbros	0	BryanBros	0	fanpagelistAccount
Bobby_Labonte	0	Bobby.Labonte.Official.Page	0	fanpagelistAccount
JustinRoberts	0	TheJustinRoberts	0	fanpagelistAccount
christierampone	0	ChristieRampone	0	fanpagelistAccount
natalie_gulbis	0	natalie.gulbis	0	fanpagelistAccount
shaharpeer	0	ShaharPeer	0	fanpagelistAccount
FrontRowJoe87	0	NASCARJoe	0	fanpagelistAccount
landoncassill	0	landoncassillfans	0	fanpagelistAccount
Jones_Drew32	0	MauriceJonesDrew32	0	fanpagelistAccount
stephhoughton2	0	StephHoughtonOfficial	0	fanpagelistAccount
FloydMayweather	0	floydmayweather	0	fanpagelistAccount
MittRomney	0	mittromney	0	fanpagelistAccount
QueenRania	0	QueenRania	0	fanpagelistAccount
NicolasSarkozy	0	nicolassarkozy	0	fanpagelistAccount
GovMikeHuckabee	0	mikehuckabee	0	fanpagelistAccount
MegWhitman	0	megwhitman	0	fanpagelistAccount
GovGaryJohnson	0	govgaryjohnson	0	fanpagelistAccount
JerryBrownGov	0	jerrybrown	0	fanpagelistAccount
GabbyGiffords	0	GGiffords	0	fanpagelistAccount
BarbaraBoxer	0	barbaraboxer	0	fanpagelistAccount
JonHuntsman	0	jonhuntsmanjr	0	fanpagelistAccount
BuddyRoemer	0	buddyroemer	0	fanpagelistAccount
TronLegacy	0	Tron	0	fanpagelistAccount
SouthPark	0	southpark	0	fanpagelistAccount
NCIS_CBS	0	NCIS	0	fanpagelistAccount
CSIMiami_CBS	0	CSIMiami	0	fanpagelistAccount
CrimMinds_CBS	0	CriminalMinds	0	fanpagelistAccount
BBC_TopGear	0	topgear	0	fanpagelistAccount
Lost_on_ABC	0	LOST	0	fanpagelistAccount
DANCEonFOX	0	SoYouThinkYouCanDance	0	fanpagelistAccount
CSINY_CBS	0	CSINY	0	fanpagelistAccount
KUWTK	0	kuwtk	0	fanpagelistAccount
CSI_CBS	0	CSICrimeSceneInvestigation	0	fanpagelistAccount
MythBusters	0	MythBusters	0	fanpagelistAccount
RealOneTreeHill	0	OneTreeHill	0	fanpagelistAccount
SHO_weeds	0	Weedsonshowtime	0	fanpagelistAccount
Mentalist_CBS	0	TheMentalist	0	fanpagelistAccount
CakeBossBuddy	0	CakeBoss	0	fanpagelistAccount
DancingABC	0	dancingwiththestars	0	fanpagelistAccount
TheDailyShow	0	thedailyshow	0	fanpagelistAccount
BurnNotice_USA	0	burnnotice	0	fanpagelistAccount
LietoMeonFOX	0	LieToMe	0	fanpagelistAccount
nbcsnl	0	snl	0	fanpagelistAccount
Monk_USA	0	monk	0	fanpagelistAccount
106andpark	0	BET106andPark	0	fanpagelistAccount
BravoTopChef	0	TOPCHEF	0	fanpagelistAccount
AmazingRace_CBS	0	amazingrace	0	fanpagelistAccount
DrPhil	0	drphilshow	0	fanpagelistAccount
TheCloser_TNT	0	theclosertnt	0	fanpagelistAccount
TheGoodWife_CBS	0	TheGoodWife	0	fanpagelistAccount
RaisingHopeFOX	0	RaisingHope	0	fanpagelistAccount
Legendarios	0	LegendariosOficial	0	fanpagelistAccount
sesamestreet	0	SesameStreet	0	fanpagelistAccount
CovertAffairs	0	CovertAffairs	0	fanpagelistAccount
60Minutes	0	60minutes	0	fanpagelistAccount
BodyOfProofABC	0	BodyofProof	0	fanpagelistAccount
ccstandup	0	JOKES	0	fanpagelistAccount
HBODocs	0	hbodocs	0	fanpagelistAccount
BlueBloods_CBS	0	CBSBlueBloods	0	fanpagelistAccount
WWEStudios	0	OfficialWWEStudios	0	fanpagelistAccount
Nightline	0	nightline	0	fanpagelistAccount
TributeToTroops	0	TributeToTheTroops	0	fanpagelistAccount
MafiaWars	0	MafiaWarsFans	0	fanpagelistAccount
Xbox	0	xbox	0	fanpagelistAccount
PlantsvsZombies	0	plantsversuszombies	0	fanpagelistAccount
TheSims2	0	sims2	0	fanpagelistAccount
zynga	0	Zynga	0	fanpagelistAccount
DJHero	0	djhero	0	fanpagelistAccount
TheBeatlesRB	0	TheBeatlesRockBand	0	fanpagelistAccount
TMZ	0	TMZ	0	fanpagelistAccount
MaximMag	0	maximmagazine	0	fanpagelistAccount
ABC	0	abcnews	0	fanpagelistAccount
TIME	0	time	0	fanpagelistAccount
WSJ	0	wsj	0	fanpagelistAccount
CBSNews	0	CBSNews	0	fanpagelistAccount
Princeton	0	PrincetonU	0	fanpagelistAccount
LibertyU	0	LibertyUniversity	0	fanpagelistAccount
BU_Tweets	0	BostonUniversity	0	fanpagelistAccount
UChicago	0	uchicago	0	fanpagelistAccount
uiowa	0	universityofiowa	0	fanpagelistAccount
UNTnews	0	northtexas	0	fanpagelistAccount
uakron	0	UniversityofAkron	0	fanpagelistAccount
Morehouse	0	Morehouse1867	0	fanpagelistAccount
CNBC	0	cnbc	0	fanpagelistAccount
gamespot	0	GameSpot	0	fanpagelistAccount
GameTrailers	0	gametrailers	0	fanpagelistAccount
BleacherReport	0	bleacherreport	0	fanpagelistAccount
VentureBeat	0	venturebeat	0	fanpagelistAccount
SocialTimes	0	socialtimes	0	fanpagelistAccount
TheNextWeb	0	thenextweb	0	fanpagelistAccount
Variety	0	Variety	0	fanpagelistAccount
PBS	0	pbs	0	fanpagelistAccount
UofAlabama	0	universityofalabama	0	fanpagelistAccount
TAMU	0	tamu	0	fanpagelistAccount
UofOklahoma	0	uoklahoma	0	fanpagelistAccount
Yale	0	YaleUniversity	0	fanpagelistAccount
UW	0	UofWA	0	fanpagelistAccount
TimeOutNewYork	0	timeoutnewyork	0	fanpagelistAccount
TexasTech	0	TexasTechYou	0	fanpagelistAccount
UofA	0	uarizona	0	fanpagelistAccount
UCF	0	UCF	0	fanpagelistAccount
DukeNews	0	DukeUniv	0	fanpagelistAccount
Cal	0	UCBerkeley	0	fanpagelistAccount
VCUnews	0	virginiacommonwealthuniversity	0	fanpagelistAccount
csunorthridge	0	calstatenorthridge	0	fanpagelistAccount
VanderbiltU	0	vanderbilt	0	fanpagelistAccount
VisitGreecegr	0	visitgreecegr	0	fanpagelistAccount
wmunews	0	wmich	0	fanpagelistAccount
northerniowa	0	universityofnortherniowa	0	fanpagelistAccount
CofC	0	collegeofcharleston	0	fanpagelistAccount
SIUC	0	SouthernIllinoisUniversityCarbondale	0	fanpagelistAccount
Georgetown	0	georgetownuniv	0	fanpagelistAccount
Penn	0	UnivPennsylvania	0	fanpagelistAccount
ohiou	0	OhioUniversity	0	fanpagelistAccount
ksunews	0	kentstate	0	fanpagelistAccount
MTSUNews	0	mtsublueraiders	0	fanpagelistAccount
BrownUniversity	0	BrownUniversity	0	fanpagelistAccount
UDelaware	0	udelaware	0	fanpagelistAccount
OahuVB	0	OahuHawaii	0	fanpagelistAccount
GVSU	0	grandvalley	0	fanpagelistAccount
USUAggies	0	UtahState	0	fanpagelistAccount
UNM	0	universityofnewmexico	0	fanpagelistAccount
JohnsHopkins	0	johnshopkinsuniversity	0	fanpagelistAccount
GonzagaU	0	GonzagaUniversity	0	fanpagelistAccount
OleMissRebels	0	olemiss	0	fanpagelistAccount
UToledo	0	utoledo	0	fanpagelistAccount
TulaneNews	0	TulaneU	0	fanpagelistAccount
TheNewSchool	0	thenewschool	0	fanpagelistAccount
SFBART	0	bartsf	0	fanpagelistAccount
ualbany	0	universityatalbany	0	fanpagelistAccount
binghamtonu	0	BinghamtonU	0	fanpagelistAccount
SJSU	0	sanjosestate	0	fanpagelistAccount
UofTampa	0	universityoftampa	0	fanpagelistAccount
SantaClaraUniv	0	SantaClaraUniversity	0	fanpagelistAccount
UofR	0	University.of.Rochester	0	fanpagelistAccount
TimeOutChicago	0	timeoutchicago	0	fanpagelistAccount
SydneyTimeOut	0	TimeOutSydney	0	fanpagelistAccount
uvmvermont	0	UniversityofVermont	0	fanpagelistAccount
UT_Dallas	0	utdallas	0	fanpagelistAccount
Marist	0	marist	0	fanpagelistAccount
OralRobertsU	0	OralRobertsUniversity	0	fanpagelistAccount
TempleUniv	0	templeu	0	fanpagelistAccount
RoanokeCollege	0	roanoke	0	fanpagelistAccount
Middlebury	0	middleburycollege	0	fanpagelistAccount
urichmond	0	universityofrichmond	0	fanpagelistAccount
ChapmanU	0	ChapmanUniversity	0	fanpagelistAccount
kennesawstate	0	KennesawStateUniversity	0	fanpagelistAccount
mtholyoke	0	mountholyokecollege	0	fanpagelistAccount
VisitIndiana	0	VisitIndiana	0	fanpagelistAccount
SpelmanCollege	0	SpelmanCollege	0	fanpagelistAccount
WilliamsCollege	0	williamscollege	0	fanpagelistAccount
UMassLowell	0	umlowell	0	fanpagelistAccount
utulsa	0	utulsa.edu	0	fanpagelistAccount
AmherstCollege	0	amherstcollege	0	fanpagelistAccount
holy_cross	0	collegeoftheholycross	0	fanpagelistAccount
DukeChronicle	0	dukechronicle	0	fanpagelistAccount
Patriots	0	newenglandpatriots	0	fanpagelistAccount
packers	0	Packers	0	fanpagelistAccount
Saints	0	neworleanssaints	0	fanpagelistAccount
nyknicks	0	NYKnicks	0	fanpagelistAccount
Giants	0	newyorkgiants	0	fanpagelistAccount
Eagles	0	philadelphiaeagles	0	fanpagelistAccount
nyjets	0	Jets	0	fanpagelistAccount
DetroitRedWings	0	DETROITREDWINGS	0	fanpagelistAccount
MLB	0	mlb	0	fanpagelistAccount
NHLBlackhawks	0	nhlblackhawks	0	fanpagelistAccount
tigers	0	Tigers	0	fanpagelistAccount
whitesox	0	WhiteSox	0	fanpagelistAccount
redbullf1spy	0	redbullracing	0	fanpagelistAccount
HoustonRockets	0	houstonrockets	0	fanpagelistAccount
washcaps	0	WashingtonCapitals	0	fanpagelistAccount
AZCardinals	0	arizonacardinals	0	fanpagelistAccount
astros	0	Astros	0	fanpagelistAccount
LAGalaxy	0	lagalaxy	0	fanpagelistAccount
Avalanche	0	coloradoavalanche	0	fanpagelistAccount
Raptors	0	TorontoRaptors	0	fanpagelistAccount
Sixers	0	Sixers	0	fanpagelistAccount
Dbacks	0	D-backs	0	fanpagelistAccount
StLouisBlues	0	St.LouisBlues	0	fanpagelistAccount
Bucks	0	milwaukeebucks	0	fanpagelistAccount
SacramentoKings	0	sacramentokings	0	fanpagelistAccount
AnaheimDucks	0	anaheimducks	0	fanpagelistAccount
NewYorkRedBulls	0	newyorkredbulls	0	fanpagelistAccount
mnwild	0	minnesotawild	0	fanpagelistAccount
WashWizards	0	Wizards	0	fanpagelistAccount
NERevolution	0	nerevolution	0	fanpagelistAccount
HoustonDynamo	0	houstondynamo	0	fanpagelistAccount
FCDallas	0	fcdallas	0	fanpagelistAccount
SJEarthquakes	0	sanjoseearthquakes	0	fanpagelistAccount
WhitecapsFC	0	whitecapsfc	0	fanpagelistAccount
